{
  "test/testsuite.qunit-dbg.js": 1716282019474,
  "xs-app.json": 1716377117348,
  "test/integration/pages/RisksList.js": 1716282019486,
  "test/integration/opaTests.qunit.js": 1716282019482,
  "test/integration/FirstJourney.js": 1716282019494,
  "test/testsuite.qunit.js": 1716282019474,
  "test/integration/pages/RisksObjectPage.js": 1716282019490,
  "manifest.json": 1716377117360,
  "Component.js": 1716282019466,
  "test/integration/opaTests.qunit-dbg.js": 1716282019482,
  "test/integration/opaTests.qunit.js.map": 1716377136435,
  "test/integration/pages/RisksList-dbg.js": 1716282019486,
  "test/integration/pages/RisksList.js.map": 1716377136428,
  "test/integration/FirstJourney-dbg.js": 1716282019494,
  "test/integration/FirstJourney.js.map": 1716377136443,
  "i18n/i18n.properties": 1716282046074,
  "test/testsuite.qunit.js.map": 1716377136422,
  "test/integration/pages/RisksObjectPage-dbg.js": 1716282019490,
  "test/integration/pages/RisksObjectPage.js.map": 1716377136428,
  "Component-dbg.js": 1716282019466,
  "Component.js.map": 1716377136430,
  "Component-preload.js": 1716377136543,
  "Component-preload.js.map": 1716377136543,
  "test/integration/opaTests.qunit.html": 1716282019482,
  "test/testsuite.qunit.html": 1716282019474,
  "test/flpSandbox.html": 1716282019474,
  "index.html": 1716282019466
}